{
  "chip_name": "Tokyo",
  "chip_image": "MODULEtop.pdf",
  "short_description": "Highly integrated, compact PMIC",
  "long_description": "The XC9281/XC9282 series are 600mA synchronoous rectification DC/DC converters adopting HiSAT-COT (*) control.  Due to increasing the oscillation frequency to high frequency, 0.47uH coil with a size of 1.0 x 0.5 mm can be used. A 0.6 x 0.3 mm ceramic capacitor can be used for the input capacitance (Cin) and the output capacitance(Cl), realizing that the mounting area inluding peripheral components can be reduced to 3.52 mm2. Due to increasing the oscillation frequency to a high frequency, the mounting area is reduced. Additionally, an efficiency equal to or higher than that of conventional products can realize by improving on-resistance and current consumption.  Becasue of these featrues, XC9281/XC9282 series are ideal for equipment requiring miniaturization and low profile mounting area, and battery-powered equipment such as mobile equipment.  Moreover, the high-speed transient response technology of the HiSAT-COT control makes it possible to minimize the fluctuation of the output voltage for a load transient condition. This feature is optimal for applilcations requiring a fast response and output voltage stability for an instantaneous load fluctuation like FPGA.  (*)HiSAT-COT is a proprietary high -speed transient response technology for DC?DC converter which was developed by Torex.  It is Ideal for the LSI's that require high precision and high stability power supply voltage.",
  "features": [
    "Input Voltage Range:2.5V ~ 5.5V",
    "Output Voltage Range:0.7V ~ 1.15V(±2.0%)",
    "1.2V ~ 3.6V(±1.5%)",
    "Output Current:600mA",
    "Quiescent Current:11uA(XC9282 PWM/PFM Auto)",
    "Oscillation Frequency:6MHz",
    "Efficiency:89%(Vin-3.7V,Vout=1.8V,Iout=300mA)",
    "Control Methods:HiSAT-COT Control",
    "PWM Control (SC9281)",
    "PWM/PFM Auto(XC9282)",
    "Protection Functions:Current Limit",
    "Functions:Soft-Start, UVLO",
    "Cl Discharge (TypeB)",
    "Input/Output Capacitor Ceramic Capacitor",
    "Operating Ambient Temperature:-40C ~ +105C",
    "Package:LGA-6B01 (1.2 x 1.2 x 0.3mm)",
    "WLP-5-06(0.88 x 0.96 x 0.33mm)",
    "Environmentally:EU RoHs Complieant, Pb Free"
  ],
  "applications": [
    "Smart phone / Mobile phones",
    "Wireless earphone / Headset",
    "Wearable devices",
    "DSC / Camcorder",
    "Portable game consoles",
    "Smartcard",
    "Power supply for module",
    "Various small power sources"
  ],
  "components": {
    "MODULEvout": {
      "description": "This is the vout view",
      "simulations": []
    },
    "MODULEservice": {
      "description": "This is the service view",
      "simulations": ["sim1", "sim2"]
    },
    "MODULEregulation": {
      "description": "This is the regulation view",
      "simulations": ["sim1", "sim2"],
      "feedback": {},
      "cot": {}
    },
    "MODULElogic": {
      "description": "This is the logic view",
      "simulations": []
    },
    "MODULEpower": {
      "description": "This is the power view",
      "simulations": []
    }
  },
  "sections": ["Features", "Applications"]
}
